version,1.4.0
info,team,Zimbabwe
info,team,South Africa
info,gender,male
info,season,2018/19
info,date,2018/09/30
info,series,Zimbabwe tour of South Africa 2018/19
info,match_number,1
info,venue,Diamond Oval
info,city,Kimberley
info,toss_winner,South Africa
info,toss_decision,field
info,player_of_match,L Ngidi
info,umpire,BP Jele
info,umpire,CB Gaffaney
info,reserve_umpire,A Paleker
info,tv_umpire,AT Holdstock
info,match_referee,JJ Crowe
info,winner,South Africa
info,winner_wickets,5
ball,1,0.1,Zimbabwe,H Masakadza,SF Mire,K Rabada,0,0,,,,,,"",""
ball,1,0.2,Zimbabwe,H Masakadza,SF Mire,K Rabada,0,0,,,,,,"",""
ball,1,0.3,Zimbabwe,H Masakadza,SF Mire,K Rabada,0,0,,,,,,"",""
ball,1,0.4,Zimbabwe,H Masakadza,SF Mire,K Rabada,1,0,,,,,,"",""
ball,1,0.5,Zimbabwe,SF Mire,H Masakadza,K Rabada,0,0,,,,,,"",""
ball,1,0.6,Zimbabwe,SF Mire,H Masakadza,K Rabada,0,0,,,,,,"",""
ball,1,1.1,Zimbabwe,H Masakadza,SF Mire,L Ngidi,0,0,,,,,,"",""
ball,1,1.2,Zimbabwe,H Masakadza,SF Mire,L Ngidi,0,0,,,,,,"",""
ball,1,1.3,Zimbabwe,H Masakadza,SF Mire,L Ngidi,0,0,,,,,,"",""
ball,1,1.4,Zimbabwe,H Masakadza,SF Mire,L Ngidi,0,0,,,,,,"",""
ball,1,1.5,Zimbabwe,H Masakadza,SF Mire,L Ngidi,0,0,,,,,,"",""
ball,1,1.6,Zimbabwe,H Masakadza,SF Mire,L Ngidi,1,0,,,,,,"",""
ball,1,2.1,Zimbabwe,H Masakadza,SF Mire,K Rabada,0,0,,,,,,"",""
ball,1,2.2,Zimbabwe,H Masakadza,SF Mire,K Rabada,0,0,,,,,,"",""
ball,1,2.3,Zimbabwe,H Masakadza,SF Mire,K Rabada,0,0,,,,,,"",""
ball,1,2.4,Zimbabwe,H Masakadza,SF Mire,K Rabada,4,0,,,,,,"",""
ball,1,2.5,Zimbabwe,H Masakadza,SF Mire,K Rabada,0,0,,,,,,"",""
ball,1,2.6,Zimbabwe,H Masakadza,SF Mire,K Rabada,4,0,,,,,,"",""
ball,1,3.1,Zimbabwe,SF Mire,H Masakadza,L Ngidi,0,0,,,,,,caught,SF Mire
ball,1,3.2,Zimbabwe,CR Ervine,H Masakadza,L Ngidi,0,0,,,,,,"",""
ball,1,3.3,Zimbabwe,CR Ervine,H Masakadza,L Ngidi,1,0,,,,,,"",""
ball,1,3.4,Zimbabwe,H Masakadza,CR Ervine,L Ngidi,0,0,,,,,,"",""
ball,1,3.5,Zimbabwe,H Masakadza,CR Ervine,L Ngidi,0,0,,,,,,"",""
ball,1,3.6,Zimbabwe,H Masakadza,CR Ervine,L Ngidi,0,0,,,,,,"",""
ball,1,4.1,Zimbabwe,CR Ervine,H Masakadza,K Rabada,0,0,,,,,,"",""
ball,1,4.2,Zimbabwe,CR Ervine,H Masakadza,K Rabada,0,0,,,,,,"",""
ball,1,4.3,Zimbabwe,CR Ervine,H Masakadza,K Rabada,0,0,,,,,,"",""
ball,1,4.4,Zimbabwe,CR Ervine,H Masakadza,K Rabada,0,0,,,,,,"",""
ball,1,4.5,Zimbabwe,CR Ervine,H Masakadza,K Rabada,0,0,,,,,,"",""
ball,1,4.6,Zimbabwe,CR Ervine,H Masakadza,K Rabada,0,0,,,,,,"",""
ball,1,5.1,Zimbabwe,H Masakadza,CR Ervine,L Ngidi,0,0,,,,,,"",""
ball,1,5.2,Zimbabwe,H Masakadza,CR Ervine,L Ngidi,0,0,,,,,,"",""
ball,1,5.3,Zimbabwe,H Masakadza,CR Ervine,L Ngidi,0,0,,,,,,"",""
ball,1,5.4,Zimbabwe,H Masakadza,CR Ervine,L Ngidi,1,0,,,,,,"",""
ball,1,5.5,Zimbabwe,CR Ervine,H Masakadza,L Ngidi,0,0,,,,,,"",""
ball,1,5.6,Zimbabwe,CR Ervine,H Masakadza,L Ngidi,4,0,,,,,,"",""
ball,1,6.1,Zimbabwe,H Masakadza,CR Ervine,K Rabada,0,1,1,,,,,"",""
ball,1,6.2,Zimbabwe,H Masakadza,CR Ervine,K Rabada,0,0,,,,,,"",""
ball,1,6.3,Zimbabwe,H Masakadza,CR Ervine,K Rabada,0,0,,,,,,"",""
ball,1,6.4,Zimbabwe,H Masakadza,CR Ervine,K Rabada,0,0,,,,,,"",""
ball,1,6.5,Zimbabwe,H Masakadza,CR Ervine,K Rabada,0,1,1,,,,,"",""
ball,1,6.6,Zimbabwe,H Masakadza,CR Ervine,K Rabada,4,0,,,,,,"",""
ball,1,6.7,Zimbabwe,H Masakadza,CR Ervine,K Rabada,0,0,,,,,,"",""
ball,1,6.8,Zimbabwe,H Masakadza,CR Ervine,K Rabada,0,0,,,,,,"",""
ball,1,7.1,Zimbabwe,CR Ervine,H Masakadza,L Ngidi,1,0,,,,,,"",""
ball,1,7.2,Zimbabwe,H Masakadza,CR Ervine,L Ngidi,0,0,,,,,,"",""
ball,1,7.3,Zimbabwe,H Masakadza,CR Ervine,L Ngidi,2,0,,,,,,"",""
ball,1,7.4,Zimbabwe,H Masakadza,CR Ervine,L Ngidi,0,0,,,,,,"",""
ball,1,7.5,Zimbabwe,H Masakadza,CR Ervine,L Ngidi,0,0,,,,,,"",""
ball,1,7.6,Zimbabwe,H Masakadza,CR Ervine,L Ngidi,0,0,,,,,,"",""
ball,1,8.1,Zimbabwe,CR Ervine,H Masakadza,K Rabada,0,0,,,,,,"",""
ball,1,8.2,Zimbabwe,CR Ervine,H Masakadza,K Rabada,1,0,,,,,,"",""
ball,1,8.3,Zimbabwe,H Masakadza,CR Ervine,K Rabada,0,0,,,,,,"",""
ball,1,8.4,Zimbabwe,H Masakadza,CR Ervine,K Rabada,0,0,,,,,,"",""
ball,1,8.5,Zimbabwe,H Masakadza,CR Ervine,K Rabada,0,0,,,,,,"",""
ball,1,8.6,Zimbabwe,H Masakadza,CR Ervine,K Rabada,0,0,,,,,,"",""
ball,1,9.1,Zimbabwe,CR Ervine,H Masakadza,L Ngidi,0,0,,,,,,"",""
ball,1,9.2,Zimbabwe,CR Ervine,H Masakadza,L Ngidi,0,0,,,,,,"",""
ball,1,9.3,Zimbabwe,CR Ervine,H Masakadza,L Ngidi,0,0,,,,,,"",""
ball,1,9.4,Zimbabwe,CR Ervine,H Masakadza,L Ngidi,0,0,,,,,,"",""
ball,1,9.5,Zimbabwe,CR Ervine,H Masakadza,L Ngidi,0,0,,,,,,"",""
ball,1,9.6,Zimbabwe,CR Ervine,H Masakadza,L Ngidi,0,0,,,,,,"",""
ball,1,10.1,Zimbabwe,H Masakadza,CR Ervine,PWA Mulder,0,0,,,,,,"",""
ball,1,10.2,Zimbabwe,H Masakadza,CR Ervine,PWA Mulder,1,0,,,,,,"",""
ball,1,10.3,Zimbabwe,CR Ervine,H Masakadza,PWA Mulder,0,1,1,,,,,"",""
ball,1,10.4,Zimbabwe,CR Ervine,H Masakadza,PWA Mulder,0,0,,,,,,caught,CR Ervine
ball,1,10.5,Zimbabwe,BRM Taylor,H Masakadza,PWA Mulder,0,0,,,,,,"",""
ball,1,10.6,Zimbabwe,BRM Taylor,H Masakadza,PWA Mulder,0,0,,,,,,"",""
ball,1,10.7,Zimbabwe,BRM Taylor,H Masakadza,PWA Mulder,0,0,,,,,,"",""
ball,1,11.1,Zimbabwe,H Masakadza,BRM Taylor,L Ngidi,0,0,,,,,,"",""
ball,1,11.2,Zimbabwe,H Masakadza,BRM Taylor,L Ngidi,0,0,,,,,,"",""
ball,1,11.3,Zimbabwe,H Masakadza,BRM Taylor,L Ngidi,1,0,,,,,,"",""
ball,1,11.4,Zimbabwe,BRM Taylor,H Masakadza,L Ngidi,0,0,,,,,,"",""
ball,1,11.5,Zimbabwe,BRM Taylor,H Masakadza,L Ngidi,0,0,,,,,,"",""
ball,1,11.6,Zimbabwe,BRM Taylor,H Masakadza,L Ngidi,1,0,,,,,,"",""
ball,1,12.1,Zimbabwe,BRM Taylor,H Masakadza,PWA Mulder,1,0,,,,,,"",""
ball,1,12.2,Zimbabwe,H Masakadza,BRM Taylor,PWA Mulder,0,0,,,,,,"",""
ball,1,12.3,Zimbabwe,H Masakadza,BRM Taylor,PWA Mulder,4,0,,,,,,"",""
ball,1,12.4,Zimbabwe,H Masakadza,BRM Taylor,PWA Mulder,0,0,,,,,,"",""
ball,1,12.5,Zimbabwe,H Masakadza,BRM Taylor,PWA Mulder,1,0,,,,,,"",""
ball,1,12.6,Zimbabwe,BRM Taylor,H Masakadza,PWA Mulder,0,0,,,,,,"",""
ball,1,13.1,Zimbabwe,H Masakadza,BRM Taylor,AL Phehlukwayo,1,0,,,,,,"",""
ball,1,13.2,Zimbabwe,BRM Taylor,H Masakadza,AL Phehlukwayo,1,0,,,,,,"",""
ball,1,13.3,Zimbabwe,H Masakadza,BRM Taylor,AL Phehlukwayo,0,0,,,,,,"",""
ball,1,13.4,Zimbabwe,H Masakadza,BRM Taylor,AL Phehlukwayo,0,0,,,,,,"",""
ball,1,13.5,Zimbabwe,H Masakadza,BRM Taylor,AL Phehlukwayo,0,0,,,,,,"",""
ball,1,13.6,Zimbabwe,H Masakadza,BRM Taylor,AL Phehlukwayo,0,0,,,,,,caught,H Masakadza
ball,1,14.1,Zimbabwe,BRM Taylor,SC Williams,PWA Mulder,0,0,,,,,,"",""
ball,1,14.2,Zimbabwe,BRM Taylor,SC Williams,PWA Mulder,0,0,,,,,,"",""
ball,1,14.3,Zimbabwe,BRM Taylor,SC Williams,PWA Mulder,0,0,,,,,,"",""
ball,1,14.4,Zimbabwe,BRM Taylor,SC Williams,PWA Mulder,0,0,,,,,,"",""
ball,1,14.5,Zimbabwe,BRM Taylor,SC Williams,PWA Mulder,0,0,,,,,,"",""
ball,1,14.6,Zimbabwe,BRM Taylor,SC Williams,PWA Mulder,2,0,,,,,,"",""
ball,1,15.1,Zimbabwe,SC Williams,BRM Taylor,AL Phehlukwayo,0,0,,,,,,"",""
ball,1,15.2,Zimbabwe,SC Williams,BRM Taylor,AL Phehlukwayo,0,0,,,,,,"",""
ball,1,15.3,Zimbabwe,SC Williams,BRM Taylor,AL Phehlukwayo,4,0,,,,,,"",""
ball,1,15.4,Zimbabwe,SC Williams,BRM Taylor,AL Phehlukwayo,0,0,,,,,,"",""
ball,1,15.5,Zimbabwe,SC Williams,BRM Taylor,AL Phehlukwayo,0,0,,,,,,lbw,SC Williams
ball,1,15.6,Zimbabwe,PJ Moor,BRM Taylor,AL Phehlukwayo,4,0,,,,,,"",""
ball,1,16.1,Zimbabwe,BRM Taylor,PJ Moor,PWA Mulder,0,0,,,,,,"",""
ball,1,16.2,Zimbabwe,BRM Taylor,PJ Moor,PWA Mulder,0,0,,,,,,"",""
ball,1,16.3,Zimbabwe,BRM Taylor,PJ Moor,PWA Mulder,0,0,,,,,,"",""
ball,1,16.4,Zimbabwe,BRM Taylor,PJ Moor,PWA Mulder,2,0,,,,,,"",""
ball,1,16.5,Zimbabwe,BRM Taylor,PJ Moor,PWA Mulder,0,0,,,,,,"",""
ball,1,16.6,Zimbabwe,BRM Taylor,PJ Moor,PWA Mulder,1,0,,,,,,"",""
ball,1,17.1,Zimbabwe,BRM Taylor,PJ Moor,AL Phehlukwayo,0,0,,,,,,"",""
ball,1,17.2,Zimbabwe,BRM Taylor,PJ Moor,AL Phehlukwayo,0,0,,,,,,"",""
ball,1,17.3,Zimbabwe,BRM Taylor,PJ Moor,AL Phehlukwayo,0,0,,,,,,"",""
ball,1,17.4,Zimbabwe,BRM Taylor,PJ Moor,AL Phehlukwayo,0,0,,,,,,"",""
ball,1,17.5,Zimbabwe,BRM Taylor,PJ Moor,AL Phehlukwayo,0,0,,,,,,"",""
ball,1,17.6,Zimbabwe,BRM Taylor,PJ Moor,AL Phehlukwayo,0,0,,,,,,"",""
ball,1,18.1,Zimbabwe,PJ Moor,BRM Taylor,PWA Mulder,1,0,,,,,,"",""
ball,1,18.2,Zimbabwe,BRM Taylor,PJ Moor,PWA Mulder,1,0,,,,,,"",""
ball,1,18.3,Zimbabwe,PJ Moor,BRM Taylor,PWA Mulder,0,0,,,,,,"",""
ball,1,18.4,Zimbabwe,PJ Moor,BRM Taylor,PWA Mulder,0,0,,,,,,"",""
ball,1,18.5,Zimbabwe,PJ Moor,BRM Taylor,PWA Mulder,0,0,,,,,,"",""
ball,1,18.6,Zimbabwe,PJ Moor,BRM Taylor,PWA Mulder,0,0,,,,,,"",""
ball,1,19.1,Zimbabwe,BRM Taylor,PJ Moor,K Rabada,0,0,,,,,,caught,BRM Taylor
ball,1,19.2,Zimbabwe,E Chigumbura,PJ Moor,K Rabada,0,0,,,,,,"",""
ball,1,19.3,Zimbabwe,E Chigumbura,PJ Moor,K Rabada,0,0,,,,,,"",""
ball,1,19.4,Zimbabwe,E Chigumbura,PJ Moor,K Rabada,0,0,,,,,,"",""
ball,1,19.5,Zimbabwe,E Chigumbura,PJ Moor,K Rabada,0,0,,,,,,"",""
ball,1,19.6,Zimbabwe,E Chigumbura,PJ Moor,K Rabada,0,0,,,,,,"",""
ball,1,20.1,Zimbabwe,PJ Moor,E Chigumbura,PWA Mulder,0,0,,,,,,"",""
ball,1,20.2,Zimbabwe,PJ Moor,E Chigumbura,PWA Mulder,4,0,,,,,,"",""
ball,1,20.3,Zimbabwe,PJ Moor,E Chigumbura,PWA Mulder,0,0,,,,,,"",""
ball,1,20.4,Zimbabwe,PJ Moor,E Chigumbura,PWA Mulder,0,0,,,,,,"",""
ball,1,20.5,Zimbabwe,PJ Moor,E Chigumbura,PWA Mulder,0,0,,,,,,"",""
ball,1,20.6,Zimbabwe,PJ Moor,E Chigumbura,PWA Mulder,0,0,,,,,,"",""
ball,1,21.1,Zimbabwe,E Chigumbura,PJ Moor,K Rabada,1,0,,,,,,"",""
ball,1,21.2,Zimbabwe,PJ Moor,E Chigumbura,K Rabada,4,0,,,,,,"",""
ball,1,21.3,Zimbabwe,PJ Moor,E Chigumbura,K Rabada,0,0,,,,,,"",""
ball,1,21.4,Zimbabwe,PJ Moor,E Chigumbura,K Rabada,0,0,,,,,,caught,PJ Moor
ball,1,21.5,Zimbabwe,WP Masakadza,E Chigumbura,K Rabada,0,0,,,,,,"",""
ball,1,21.6,Zimbabwe,WP Masakadza,E Chigumbura,K Rabada,4,0,,,,,,"",""
ball,1,22.1,Zimbabwe,E Chigumbura,WP Masakadza,AL Phehlukwayo,0,0,,,,,,"",""
ball,1,22.2,Zimbabwe,E Chigumbura,WP Masakadza,AL Phehlukwayo,2,0,,,,,,"",""
ball,1,22.3,Zimbabwe,E Chigumbura,WP Masakadza,AL Phehlukwayo,1,0,,,,,,"",""
ball,1,22.4,Zimbabwe,WP Masakadza,E Chigumbura,AL Phehlukwayo,0,0,,,,,,"",""
ball,1,22.5,Zimbabwe,WP Masakadza,E Chigumbura,AL Phehlukwayo,0,0,,,,,,"",""
ball,1,22.6,Zimbabwe,WP Masakadza,E Chigumbura,AL Phehlukwayo,1,0,,,,,,"",""
ball,1,23.1,Zimbabwe,WP Masakadza,E Chigumbura,K Rabada,0,0,,,,,,"",""
ball,1,23.2,Zimbabwe,WP Masakadza,E Chigumbura,K Rabada,4,0,,,,,,"",""
ball,1,23.3,Zimbabwe,WP Masakadza,E Chigumbura,K Rabada,1,0,,,,,,"",""
ball,1,23.4,Zimbabwe,E Chigumbura,WP Masakadza,K Rabada,0,0,,,,,,"",""
ball,1,23.5,Zimbabwe,E Chigumbura,WP Masakadza,K Rabada,4,0,,,,,,"",""
ball,1,23.6,Zimbabwe,E Chigumbura,WP Masakadza,K Rabada,0,0,,,,,,"",""
ball,1,24.1,Zimbabwe,WP Masakadza,E Chigumbura,AL Phehlukwayo,0,0,,,,,,"",""
ball,1,24.2,Zimbabwe,WP Masakadza,E Chigumbura,AL Phehlukwayo,1,0,,,,,,"",""
ball,1,24.3,Zimbabwe,E Chigumbura,WP Masakadza,AL Phehlukwayo,0,0,,,,,,"",""
ball,1,24.4,Zimbabwe,E Chigumbura,WP Masakadza,AL Phehlukwayo,1,0,,,,,,"",""
ball,1,24.5,Zimbabwe,WP Masakadza,E Chigumbura,AL Phehlukwayo,0,0,,,,,,"",""
ball,1,24.6,Zimbabwe,WP Masakadza,E Chigumbura,AL Phehlukwayo,0,0,,,,,,"",""
ball,1,25.1,Zimbabwe,E Chigumbura,WP Masakadza,Imran Tahir,1,0,,,,,,"",""
ball,1,25.2,Zimbabwe,WP Masakadza,E Chigumbura,Imran Tahir,0,0,,,,,,"",""
ball,1,25.3,Zimbabwe,WP Masakadza,E Chigumbura,Imran Tahir,0,0,,,,,,"",""
ball,1,25.4,Zimbabwe,WP Masakadza,E Chigumbura,Imran Tahir,4,0,,,,,,"",""
ball,1,25.5,Zimbabwe,WP Masakadza,E Chigumbura,Imran Tahir,0,0,,,,,,"",""
ball,1,25.6,Zimbabwe,WP Masakadza,E Chigumbura,Imran Tahir,0,0,,,,,,"",""
ball,1,26.1,Zimbabwe,E Chigumbura,WP Masakadza,AL Phehlukwayo,0,0,,,,,,"",""
ball,1,26.2,Zimbabwe,E Chigumbura,WP Masakadza,AL Phehlukwayo,0,0,,,,,,"",""
ball,1,26.3,Zimbabwe,E Chigumbura,WP Masakadza,AL Phehlukwayo,0,0,,,,,,"",""
ball,1,26.4,Zimbabwe,E Chigumbura,WP Masakadza,AL Phehlukwayo,0,0,,,,,,"",""
ball,1,26.5,Zimbabwe,E Chigumbura,WP Masakadza,AL Phehlukwayo,0,0,,,,,,"",""
ball,1,26.6,Zimbabwe,E Chigumbura,WP Masakadza,AL Phehlukwayo,0,0,,,,,,"",""
ball,1,27.1,Zimbabwe,WP Masakadza,E Chigumbura,Imran Tahir,0,0,,,,,,"",""
ball,1,27.2,Zimbabwe,WP Masakadza,E Chigumbura,Imran Tahir,0,0,,,,,,"",""
ball,1,27.3,Zimbabwe,WP Masakadza,E Chigumbura,Imran Tahir,0,0,,,,,,"",""
ball,1,27.4,Zimbabwe,WP Masakadza,E Chigumbura,Imran Tahir,0,0,,,,,,"",""
ball,1,27.5,Zimbabwe,WP Masakadza,E Chigumbura,Imran Tahir,0,0,,,,,,lbw,WP Masakadza
ball,1,27.6,Zimbabwe,B Mavuta,E Chigumbura,Imran Tahir,0,0,,,,,,"",""
ball,1,28.1,Zimbabwe,E Chigumbura,B Mavuta,AL Phehlukwayo,0,0,,,,,,"",""
ball,1,28.2,Zimbabwe,E Chigumbura,B Mavuta,AL Phehlukwayo,1,0,,,,,,"",""
ball,1,28.3,Zimbabwe,B Mavuta,E Chigumbura,AL Phehlukwayo,1,0,,,,,,"",""
ball,1,28.4,Zimbabwe,E Chigumbura,B Mavuta,AL Phehlukwayo,4,0,,,,,,"",""
ball,1,28.5,Zimbabwe,E Chigumbura,B Mavuta,AL Phehlukwayo,0,0,,,,,,"",""
ball,1,28.6,Zimbabwe,E Chigumbura,B Mavuta,AL Phehlukwayo,0,0,,,,,,"",""
ball,1,29.1,Zimbabwe,B Mavuta,E Chigumbura,Imran Tahir,0,0,,,,,,"",""
ball,1,29.2,Zimbabwe,B Mavuta,E Chigumbura,Imran Tahir,4,0,,,,,,"",""
ball,1,29.3,Zimbabwe,B Mavuta,E Chigumbura,Imran Tahir,0,0,,,,,,lbw,B Mavuta
ball,1,29.4,Zimbabwe,KM Jarvis,E Chigumbura,Imran Tahir,0,0,,,,,,"",""
ball,1,29.5,Zimbabwe,KM Jarvis,E Chigumbura,Imran Tahir,0,0,,,,,,"",""
ball,1,29.6,Zimbabwe,KM Jarvis,E Chigumbura,Imran Tahir,4,0,,,,,,"",""
ball,1,30.1,Zimbabwe,E Chigumbura,KM Jarvis,L Ngidi,0,0,,,,,,"",""
ball,1,30.2,Zimbabwe,E Chigumbura,KM Jarvis,L Ngidi,4,0,,,,,,"",""
ball,1,30.3,Zimbabwe,E Chigumbura,KM Jarvis,L Ngidi,1,0,,,,,,"",""
ball,1,30.4,Zimbabwe,KM Jarvis,E Chigumbura,L Ngidi,0,0,,,,,,"",""
ball,1,30.5,Zimbabwe,KM Jarvis,E Chigumbura,L Ngidi,0,0,,,,,,"",""
ball,1,30.6,Zimbabwe,KM Jarvis,E Chigumbura,L Ngidi,0,0,,,,,,"",""
ball,1,31.1,Zimbabwe,E Chigumbura,KM Jarvis,Imran Tahir,1,0,,,,,,"",""
ball,1,31.2,Zimbabwe,KM Jarvis,E Chigumbura,Imran Tahir,0,0,,,,,,"",""
ball,1,31.3,Zimbabwe,KM Jarvis,E Chigumbura,Imran Tahir,0,0,,,,,,"",""
ball,1,31.4,Zimbabwe,KM Jarvis,E Chigumbura,Imran Tahir,0,0,,,,,,"",""
ball,1,31.5,Zimbabwe,KM Jarvis,E Chigumbura,Imran Tahir,4,0,,,,,,"",""
ball,1,31.6,Zimbabwe,KM Jarvis,E Chigumbura,Imran Tahir,0,0,,,,,,"",""
ball,1,32.1,Zimbabwe,E Chigumbura,KM Jarvis,L Ngidi,1,0,,,,,,"",""
ball,1,32.2,Zimbabwe,KM Jarvis,E Chigumbura,L Ngidi,0,0,,,,,,"",""
ball,1,32.3,Zimbabwe,KM Jarvis,E Chigumbura,L Ngidi,0,0,,,,,,"",""
ball,1,32.4,Zimbabwe,KM Jarvis,E Chigumbura,L Ngidi,0,1,1,,,,,"",""
ball,1,32.5,Zimbabwe,KM Jarvis,E Chigumbura,L Ngidi,0,0,,,,,,"",""
ball,1,32.6,Zimbabwe,KM Jarvis,E Chigumbura,L Ngidi,0,0,,,,,,bowled,KM Jarvis
ball,1,32.7,Zimbabwe,TL Chatara,E Chigumbura,L Ngidi,0,0,,,,,,"",""
ball,1,33.1,Zimbabwe,E Chigumbura,TL Chatara,Imran Tahir,0,0,,,,,,"",""
ball,1,33.2,Zimbabwe,E Chigumbura,TL Chatara,Imran Tahir,4,0,,,,,,"",""
ball,1,33.3,Zimbabwe,E Chigumbura,TL Chatara,Imran Tahir,0,0,,,,,,"",""
ball,1,33.4,Zimbabwe,E Chigumbura,TL Chatara,Imran Tahir,0,0,,,,,,"",""
ball,1,33.5,Zimbabwe,E Chigumbura,TL Chatara,Imran Tahir,1,0,,,,,,"",""
ball,1,33.6,Zimbabwe,TL Chatara,E Chigumbura,Imran Tahir,0,0,,,,,,"",""
ball,1,34.1,Zimbabwe,E Chigumbura,TL Chatara,L Ngidi,0,0,,,,,,caught,E Chigumbura
ball,2,0.1,South Africa,AK Markram,D Elgar,KM Jarvis,0,0,,,,,,"",""
ball,2,0.2,South Africa,AK Markram,D Elgar,KM Jarvis,4,0,,,,,,"",""
ball,2,0.3,South Africa,AK Markram,D Elgar,KM Jarvis,2,0,,,,,,"",""
ball,2,0.4,South Africa,AK Markram,D Elgar,KM Jarvis,0,0,,,,,,"",""
ball,2,0.5,South Africa,AK Markram,D Elgar,KM Jarvis,0,0,,,,,,"",""
ball,2,0.6,South Africa,AK Markram,D Elgar,KM Jarvis,0,0,,,,,,"",""
ball,2,1.1,South Africa,D Elgar,AK Markram,TL Chatara,0,1,1,,,,,"",""
ball,2,1.2,South Africa,D Elgar,AK Markram,TL Chatara,0,0,,,,,,"",""
ball,2,1.3,South Africa,D Elgar,AK Markram,TL Chatara,0,0,,,,,,"",""
ball,2,1.4,South Africa,D Elgar,AK Markram,TL Chatara,0,0,,,,,,"",""
ball,2,1.5,South Africa,D Elgar,AK Markram,TL Chatara,1,0,,,,,,"",""
ball,2,1.6,South Africa,AK Markram,D Elgar,TL Chatara,0,0,,,,,,"",""
ball,2,1.7,South Africa,AK Markram,D Elgar,TL Chatara,0,0,,,,,,"",""
ball,2,2.1,South Africa,D Elgar,AK Markram,KM Jarvis,0,0,,,,,,"",""
ball,2,2.2,South Africa,D Elgar,AK Markram,KM Jarvis,0,0,,,,,,"",""
ball,2,2.3,South Africa,D Elgar,AK Markram,KM Jarvis,0,0,,,,,,"",""
ball,2,2.4,South Africa,D Elgar,AK Markram,KM Jarvis,0,0,,,,,,"",""
ball,2,2.5,South Africa,D Elgar,AK Markram,KM Jarvis,1,0,,,,,,"",""
ball,2,2.6,South Africa,AK Markram,D Elgar,KM Jarvis,4,0,,,,,,"",""
ball,2,3.1,South Africa,D Elgar,AK Markram,TL Chatara,0,0,,,,,,caught,D Elgar
ball,2,3.2,South Africa,AK Markram,RR Hendricks,TL Chatara,0,0,,,,,,"",""
ball,2,3.3,South Africa,AK Markram,RR Hendricks,TL Chatara,0,0,,,,,,"",""
ball,2,3.4,South Africa,AK Markram,RR Hendricks,TL Chatara,0,0,,,,,,"",""
ball,2,3.5,South Africa,AK Markram,RR Hendricks,TL Chatara,0,1,,,1,,,"",""
ball,2,3.6,South Africa,RR Hendricks,AK Markram,TL Chatara,0,0,,,,,,"",""
ball,2,4.1,South Africa,AK Markram,RR Hendricks,KM Jarvis,0,0,,,,,,"",""
ball,2,4.2,South Africa,AK Markram,RR Hendricks,KM Jarvis,0,0,,,,,,"",""
ball,2,4.3,South Africa,AK Markram,RR Hendricks,KM Jarvis,4,0,,,,,,"",""
ball,2,4.4,South Africa,AK Markram,RR Hendricks,KM Jarvis,0,0,,,,,,"",""
ball,2,4.5,South Africa,AK Markram,RR Hendricks,KM Jarvis,1,0,,,,,,"",""
ball,2,4.6,South Africa,RR Hendricks,AK Markram,KM Jarvis,4,0,,,,,,"",""
ball,2,5.1,South Africa,AK Markram,RR Hendricks,TL Chatara,0,0,,,,,,"",""
ball,2,5.2,South Africa,AK Markram,RR Hendricks,TL Chatara,0,0,,,,,,"",""
ball,2,5.3,South Africa,AK Markram,RR Hendricks,TL Chatara,0,0,,,,,,"",""
ball,2,5.4,South Africa,AK Markram,RR Hendricks,TL Chatara,0,0,,,,,,"",""
ball,2,5.5,South Africa,AK Markram,RR Hendricks,TL Chatara,1,0,,,,,,"",""
ball,2,5.6,South Africa,RR Hendricks,AK Markram,TL Chatara,1,0,,,,,,"",""
ball,2,6.1,South Africa,RR Hendricks,AK Markram,WP Masakadza,0,0,,,,,,"",""
ball,2,6.2,South Africa,RR Hendricks,AK Markram,WP Masakadza,0,0,,,,,,"",""
ball,2,6.3,South Africa,RR Hendricks,AK Markram,WP Masakadza,0,0,,,,,,bowled,RR Hendricks
ball,2,6.4,South Africa,H Klaasen,AK Markram,WP Masakadza,0,0,,,,,,"",""
ball,2,6.5,South Africa,H Klaasen,AK Markram,WP Masakadza,0,0,,,,,,"",""
ball,2,6.6,South Africa,H Klaasen,AK Markram,WP Masakadza,0,0,,,,,,"",""
ball,2,7.1,South Africa,AK Markram,H Klaasen,TL Chatara,2,0,,,,,,"",""
ball,2,7.2,South Africa,AK Markram,H Klaasen,TL Chatara,0,0,,,,,,"",""
ball,2,7.3,South Africa,AK Markram,H Klaasen,TL Chatara,4,0,,,,,,"",""
ball,2,7.4,South Africa,AK Markram,H Klaasen,TL Chatara,0,0,,,,,,"",""
ball,2,7.5,South Africa,AK Markram,H Klaasen,TL Chatara,0,0,,,,,,"",""
ball,2,7.6,South Africa,AK Markram,H Klaasen,TL Chatara,0,0,,,,,,"",""
ball,2,8.1,South Africa,H Klaasen,AK Markram,WP Masakadza,0,0,,,,,,"",""
ball,2,8.2,South Africa,H Klaasen,AK Markram,WP Masakadza,2,0,,,,,,"",""
ball,2,8.3,South Africa,H Klaasen,AK Markram,WP Masakadza,1,0,,,,,,"",""
ball,2,8.4,South Africa,AK Markram,H Klaasen,WP Masakadza,4,0,,,,,,"",""
ball,2,8.5,South Africa,AK Markram,H Klaasen,WP Masakadza,1,0,,,,,,"",""
ball,2,8.6,South Africa,H Klaasen,AK Markram,WP Masakadza,0,0,,,,,,"",""
ball,2,9.1,South Africa,AK Markram,H Klaasen,TL Chatara,0,1,,1,,,,"",""
ball,2,9.2,South Africa,AK Markram,H Klaasen,TL Chatara,0,0,,,,,,"",""
ball,2,9.3,South Africa,AK Markram,H Klaasen,TL Chatara,0,0,,,,,,"",""
ball,2,9.4,South Africa,AK Markram,H Klaasen,TL Chatara,0,0,,,,,,"",""
ball,2,9.5,South Africa,AK Markram,H Klaasen,TL Chatara,0,0,,,,,,"",""
ball,2,9.6,South Africa,AK Markram,H Klaasen,TL Chatara,0,0,,,,,,"",""
ball,2,9.7,South Africa,AK Markram,H Klaasen,TL Chatara,0,0,,,,,,caught,AK Markram
ball,2,10.1,South Africa,H Klaasen,C Jonker,WP Masakadza,0,0,,,,,,"",""
ball,2,10.2,South Africa,H Klaasen,C Jonker,WP Masakadza,0,0,,,,,,"",""
ball,2,10.3,South Africa,H Klaasen,C Jonker,WP Masakadza,0,0,,,,,,"",""
ball,2,10.4,South Africa,H Klaasen,C Jonker,WP Masakadza,4,0,,,,,,"",""
ball,2,10.5,South Africa,H Klaasen,C Jonker,WP Masakadza,0,0,,,,,,"",""
ball,2,10.6,South Africa,H Klaasen,C Jonker,WP Masakadza,0,0,,,,,,"",""
ball,2,11.1,South Africa,C Jonker,H Klaasen,TL Chatara,0,0,,,,,,"",""
ball,2,11.2,South Africa,C Jonker,H Klaasen,TL Chatara,0,0,,,,,,"",""
ball,2,11.3,South Africa,C Jonker,H Klaasen,TL Chatara,0,1,1,,,,,"",""
ball,2,11.4,South Africa,C Jonker,H Klaasen,TL Chatara,0,0,,,,,,"",""
ball,2,11.5,South Africa,C Jonker,H Klaasen,TL Chatara,0,0,,,,,,"",""
ball,2,11.6,South Africa,C Jonker,H Klaasen,TL Chatara,0,0,,,,,,"",""
ball,2,11.7,South Africa,C Jonker,H Klaasen,TL Chatara,0,0,,,,,,"",""
ball,2,12.1,South Africa,H Klaasen,C Jonker,B Mavuta,1,0,,,,,,"",""
ball,2,12.2,South Africa,C Jonker,H Klaasen,B Mavuta,0,0,,,,,,"",""
ball,2,12.3,South Africa,C Jonker,H Klaasen,B Mavuta,4,0,,,,,,"",""
ball,2,12.4,South Africa,C Jonker,H Klaasen,B Mavuta,0,0,,,,,,"",""
ball,2,12.5,South Africa,C Jonker,H Klaasen,B Mavuta,0,0,,,,,,"",""
ball,2,12.6,South Africa,C Jonker,H Klaasen,B Mavuta,2,0,,,,,,"",""
ball,2,13.1,South Africa,H Klaasen,C Jonker,KM Jarvis,0,0,,,,,,"",""
ball,2,13.2,South Africa,H Klaasen,C Jonker,KM Jarvis,4,0,,,,,,"",""
ball,2,13.3,South Africa,H Klaasen,C Jonker,KM Jarvis,0,0,,,,,,"",""
ball,2,13.4,South Africa,H Klaasen,C Jonker,KM Jarvis,0,0,,,,,,"",""
ball,2,13.5,South Africa,H Klaasen,C Jonker,KM Jarvis,1,0,,,,,,"",""
ball,2,13.6,South Africa,C Jonker,H Klaasen,KM Jarvis,0,0,,,,,,"",""
ball,2,14.1,South Africa,H Klaasen,C Jonker,B Mavuta,1,0,,,,,,"",""
ball,2,14.2,South Africa,C Jonker,H Klaasen,B Mavuta,0,0,,,,,,"",""
ball,2,14.3,South Africa,C Jonker,H Klaasen,B Mavuta,0,0,,,,,,caught,C Jonker
ball,2,14.4,South Africa,JP Duminy,H Klaasen,B Mavuta,0,0,,,,,,"",""
ball,2,14.5,South Africa,JP Duminy,H Klaasen,B Mavuta,0,0,,,,,,"",""
ball,2,14.6,South Africa,JP Duminy,H Klaasen,B Mavuta,0,0,,,,,,"",""
ball,2,15.1,South Africa,H Klaasen,JP Duminy,KM Jarvis,0,0,,,,,,"",""
ball,2,15.2,South Africa,H Klaasen,JP Duminy,KM Jarvis,0,0,,,,,,"",""
ball,2,15.3,South Africa,H Klaasen,JP Duminy,KM Jarvis,0,0,,,,,,"",""
ball,2,15.4,South Africa,H Klaasen,JP Duminy,KM Jarvis,0,0,,,,,,"",""
ball,2,15.5,South Africa,H Klaasen,JP Duminy,KM Jarvis,4,0,,,,,,"",""
ball,2,15.6,South Africa,H Klaasen,JP Duminy,KM Jarvis,0,0,,,,,,"",""
ball,2,16.1,South Africa,JP Duminy,H Klaasen,B Mavuta,1,0,,,,,,"",""
ball,2,16.2,South Africa,H Klaasen,JP Duminy,B Mavuta,0,0,,,,,,"",""
ball,2,16.3,South Africa,H Klaasen,JP Duminy,B Mavuta,4,0,,,,,,"",""
ball,2,16.4,South Africa,H Klaasen,JP Duminy,B Mavuta,0,0,,,,,,"",""
ball,2,16.5,South Africa,H Klaasen,JP Duminy,B Mavuta,1,0,,,,,,"",""
ball,2,16.6,South Africa,JP Duminy,H Klaasen,B Mavuta,4,0,,,,,,"",""
ball,2,17.1,South Africa,H Klaasen,JP Duminy,KM Jarvis,1,0,,,,,,"",""
ball,2,17.2,South Africa,JP Duminy,H Klaasen,KM Jarvis,0,0,,,,,,"",""
ball,2,17.3,South Africa,JP Duminy,H Klaasen,KM Jarvis,0,0,,,,,,"",""
ball,2,17.4,South Africa,JP Duminy,H Klaasen,KM Jarvis,0,0,,,,,,"",""
ball,2,17.5,South Africa,JP Duminy,H Klaasen,KM Jarvis,0,0,,,,,,"",""
ball,2,17.6,South Africa,JP Duminy,H Klaasen,KM Jarvis,0,0,,,,,,"",""
ball,2,18.1,South Africa,H Klaasen,JP Duminy,SC Williams,0,0,,,,,,"",""
ball,2,18.2,South Africa,H Klaasen,JP Duminy,SC Williams,0,0,,,,,,"",""
ball,2,18.3,South Africa,H Klaasen,JP Duminy,SC Williams,0,0,,,,,,"",""
ball,2,18.4,South Africa,H Klaasen,JP Duminy,SC Williams,1,0,,,,,,"",""
ball,2,18.5,South Africa,JP Duminy,H Klaasen,SC Williams,0,0,,,,,,"",""
ball,2,18.6,South Africa,JP Duminy,H Klaasen,SC Williams,1,0,,,,,,"",""
ball,2,19.1,South Africa,JP Duminy,H Klaasen,KM Jarvis,1,0,,,,,,"",""
ball,2,19.2,South Africa,H Klaasen,JP Duminy,KM Jarvis,4,0,,,,,,"",""
ball,2,19.3,South Africa,H Klaasen,JP Duminy,KM Jarvis,1,0,,,,,,"",""
ball,2,19.4,South Africa,JP Duminy,H Klaasen,KM Jarvis,0,0,,,,,,"",""
ball,2,19.5,South Africa,JP Duminy,H Klaasen,KM Jarvis,0,0,,,,,,"",""
ball,2,19.6,South Africa,JP Duminy,H Klaasen,KM Jarvis,0,0,,,,,,"",""
ball,2,20.1,South Africa,H Klaasen,JP Duminy,SC Williams,0,0,,,,,,"",""
ball,2,20.2,South Africa,H Klaasen,JP Duminy,SC Williams,1,0,,,,,,"",""
ball,2,20.3,South Africa,JP Duminy,H Klaasen,SC Williams,0,0,,,,,,"",""
ball,2,20.4,South Africa,JP Duminy,H Klaasen,SC Williams,0,1,,,,1,,"",""
ball,2,20.5,South Africa,H Klaasen,JP Duminy,SC Williams,1,0,,,,,,"",""
ball,2,20.6,South Africa,JP Duminy,H Klaasen,SC Williams,0,0,,,,,,"",""
ball,2,21.1,South Africa,H Klaasen,JP Duminy,WP Masakadza,6,0,,,,,,"",""
ball,2,21.2,South Africa,H Klaasen,JP Duminy,WP Masakadza,6,0,,,,,,"",""
ball,2,21.3,South Africa,H Klaasen,JP Duminy,WP Masakadza,0,0,,,,,,"",""
ball,2,21.4,South Africa,H Klaasen,JP Duminy,WP Masakadza,0,0,,,,,,caught,H Klaasen
ball,2,21.5,South Africa,PWA Mulder,JP Duminy,WP Masakadza,0,0,,,,,,"",""
ball,2,21.6,South Africa,PWA Mulder,JP Duminy,WP Masakadza,0,0,,,,,,"",""
ball,2,22.1,South Africa,JP Duminy,PWA Mulder,SC Williams,0,0,,,,,,"",""
ball,2,22.2,South Africa,JP Duminy,PWA Mulder,SC Williams,1,0,,,,,,"",""
ball,2,22.3,South Africa,PWA Mulder,JP Duminy,SC Williams,1,0,,,,,,"",""
ball,2,22.4,South Africa,JP Duminy,PWA Mulder,SC Williams,0,0,,,,,,"",""
ball,2,22.5,South Africa,JP Duminy,PWA Mulder,SC Williams,1,0,,,,,,"",""
ball,2,22.6,South Africa,PWA Mulder,JP Duminy,SC Williams,4,0,,,,,,"",""
ball,2,23.1,South Africa,JP Duminy,PWA Mulder,WP Masakadza,0,0,,,,,,"",""
ball,2,23.2,South Africa,JP Duminy,PWA Mulder,WP Masakadza,1,0,,,,,,"",""
ball,2,23.3,South Africa,PWA Mulder,JP Duminy,WP Masakadza,0,0,,,,,,"",""
ball,2,23.4,South Africa,PWA Mulder,JP Duminy,WP Masakadza,0,0,,,,,,"",""
ball,2,23.5,South Africa,PWA Mulder,JP Duminy,WP Masakadza,0,0,,,,,,"",""
ball,2,23.6,South Africa,PWA Mulder,JP Duminy,WP Masakadza,1,0,,,,,,"",""
ball,2,24.1,South Africa,PWA Mulder,JP Duminy,SC Williams,0,0,,,,,,"",""
ball,2,24.2,South Africa,PWA Mulder,JP Duminy,SC Williams,0,0,,,,,,"",""
ball,2,24.3,South Africa,PWA Mulder,JP Duminy,SC Williams,1,0,,,,,,"",""
ball,2,24.4,South Africa,JP Duminy,PWA Mulder,SC Williams,1,0,,,,,,"",""
ball,2,24.5,South Africa,PWA Mulder,JP Duminy,SC Williams,2,0,,,,,,"",""
ball,2,24.6,South Africa,PWA Mulder,JP Duminy,SC Williams,0,0,,,,,,"",""
ball,2,25.1,South Africa,JP Duminy,PWA Mulder,B Mavuta,0,0,,,,,,"",""
ball,2,25.2,South Africa,JP Duminy,PWA Mulder,B Mavuta,1,0,,,,,,"",""
ball,2,25.3,South Africa,PWA Mulder,JP Duminy,B Mavuta,0,0,,,,,,"",""
ball,2,25.4,South Africa,PWA Mulder,JP Duminy,B Mavuta,0,0,,,,,,"",""
ball,2,25.5,South Africa,PWA Mulder,JP Duminy,B Mavuta,1,0,,,,,,"",""
ball,2,25.6,South Africa,JP Duminy,PWA Mulder,B Mavuta,4,0,,,,,,"",""
ball,2,26.1,South Africa,PWA Mulder,JP Duminy,SC Williams,4,0,,,,,,"",""
